{"actions":[],"apps":[{"acl":{"app":[],"field":[],"record":[]},"app":null,"category":{"categories":[],"useCategory":"false"},"form":{"layout":"[{\"id\":null,\"type\":\"ROW\",\"isSubTable\":false,\"var\":null,\"controlList\":[{\"isVirtical\":true,\"styleMap\":{\"width\":117},\"type\":\"DATE\",\"var\":\"日付\",\"label\":\"日付\"},{\"isVirtical\":true,\"styleMap\":{\"width\":344},\"type\":\"USER_SELECT\",\"var\":\"ユーザー選択\",\"label\":\"担当者\"}]},{\"id\":null,\"type\":\"ROW\",\"isSubTable\":false,\"var\":null,\"controlList\":[{\"isVirtical\":true,\"styleMap\":{\"width\":515},\"type\":\"SINGLE_LINE_TEXT\",\"var\":\"title1\",\"label\":\"活動タイトル１\"}]},{\"id\":null,\"type\":\"ROW\",\"isSubTable\":false,\"var\":null,\"controlList\":[{\"isVirtical\":true,\"styleMap\":{\"width\":515,\"height\":184,\"innerHeight\":150},\"type\":\"MULTIPLE_LINE_TEXT\",\"var\":\"body1\",\"label\":\"活動内容１\"}]},{\"id\":null,\"type\":\"ROW\",\"isSubTable\":false,\"var\":null,\"controlList\":[{\"styleMap\":{\"width\":925},\"type\":\"HR\"}]},{\"id\":null,\"type\":\"ROW\",\"isSubTable\":false,\"var\":null,\"controlList\":[{\"isVirtical\":true,\"styleMap\":{\"width\":515},\"type\":\"SINGLE_LINE_TEXT\",\"var\":\"title2\",\"label\":\"活動タイトル2\"}]},{\"id\":null,\"type\":\"ROW\",\"isSubTable\":false,\"var\":null,\"controlList\":[{\"isVirtical\":true,\"styleMap\":{\"width\":515,\"height\":193,\"innerHeight\":159},\"type\":\"MULTIPLE_LINE_TEXT\",\"var\":\"body2\",\"label\":\"活動内容２\"}]}]","revision":null},"iconMeta":null,"info":{"code":null,"decimalPrecision":"16","decimalScale":"4","description":"\u003Cdiv\u003E\u003Cbr /\u003E\u003C/div\u003E","enableBulkDeletion":"false","fiscalYearStartMonth":"4","iconKey":"APP46","iconType":"PRESET","jsFiles":null,"jsScope":"ALL","name":"日報_カスタマイズ","roundingMode":"HALF_EVEN","theme":"PLAIN","titleComponentLocalId":null,"useComment":"true","useHistory":"true","useThumbnail":"true"},"jsFiles":[],"notification":{"appNotifications":[{"events":["RECORD_COMMENT_ADDED"],"target":{"entityId":"5272821","entityType":"FIELD_ENTITY","includeSubs":"false"}},{"events":["RECORD_COMMENT_ADDED"],"target":{"entityId":"5272822","entityType":"FIELD_ENTITY","includeSubs":"false"}}],"recordNotifications":[],"reminderTimezone":null,"reminders":[],"useComment":"true","useReminder":"false"},"plugin":{"pluginIds":[]},"reports":[],"resource":{"tables":[{"rows":[{"fields":[],"objectId":"0","subObjectId":"-1"}],"type":"AppName"},{"rows":[{"fields":[],"objectId":"0","subObjectId":"-1"}],"type":"AppDescription"},{"rows":[{"fields":[],"objectId":"5272820","subObjectId":"-1"},{"fields":[],"objectId":"5272821","subObjectId":"-1"},{"fields":[],"objectId":"5272822","subObjectId":"-1"},{"fields":[],"objectId":"5272823","subObjectId":"-1"},{"fields":[],"objectId":"5272824","subObjectId":"-1"},{"fields":[],"objectId":"5272825","subObjectId":"-1"},{"fields":[],"objectId":"5272826","subObjectId":"-1"},{"fields":[],"objectId":"5272827","subObjectId":"-1"},{"fields":[],"objectId":"5272828","subObjectId":"-1"},{"fields":[],"objectId":"5272829","subObjectId":"-1"},{"fields":[],"objectId":"5272830","subObjectId":"-1"},{"fields":[],"objectId":"5272831","subObjectId":"-1"},{"fields":[],"objectId":"5272832","subObjectId":"-1"},{"fields":[],"objectId":"5272833","subObjectId":"-1"}],"type":"FieldLabel"},{"rows":[{"fields":[],"objectId":"5272835","subObjectId":"-1"},{"fields":[],"objectId":"20","subObjectId":"-1"}],"type":"ViewName"}]},"schema":{"groups":[],"revision":null,"subTable":{},"table":{"fieldList":{"5272820":{"id":"5272820","label":"レコード番号","properties":{"noLabel":"false","required":"true"},"type":"RECORD_ID","var":"レコード番号"},"5272821":{"id":"5272821","label":"更新者","properties":{"noLabel":"false","required":"true"},"type":"MODIFIER","var":"更新者"},"5272822":{"id":"5272822","label":"作成者","properties":{"noLabel":"false","required":"true"},"type":"CREATOR","var":"作成者"},"5272823":{"id":"5272823","label":"更新日時","properties":{"noLabel":"false","required":"true"},"type":"MODIFIED_AT","var":"更新日時"},"5272824":{"id":"5272824","label":"作成日時","properties":{"noLabel":"false","required":"true"},"type":"CREATED_AT","var":"作成日時"},"5272825":{"id":"5272825","label":"ステータス","properties":{"noLabel":"false","required":"false"},"type":"STATUS","var":"ステータス"},"5272826":{"id":"5272826","label":"作業者","properties":{"noLabel":"false","required":"false"},"type":"STATUS_ASSIGNEE","var":"作業者"},"5272827":{"id":"5272827","label":"カテゴリー","properties":{"noLabel":"false","required":"false"},"type":"CATEGORY","var":"カテゴリー"},"5272828":{"id":"5272828","label":"日付","properties":{"defaultExpression":"NOW","defaultValue":null,"noLabel":"false","required":"false","unique":"false"},"type":"DATE","var":"日付"},"5272829":{"id":"5272829","label":"担当者","properties":{"defaultEntities":[{"birthDate":null,"callto":"","code":"y-shinomiya","ctime":"2012-11-28T14:11:07Z","dateTimeLocale":null,"description":"","email":"y-shinomiya@joyzo.co.jp","employeeNumber":"","employeeType":null,"entityType":"USER","extendedData":null,"extensionNumber":"","formattedDescription":"","givenName":"靖隆","givenNameReading":"","id":"1","initials":null,"isBuiltIn":false,"joinDate":null,"langLocale":null,"localName":"","localNameLocale":"ja","locale":"ja","middleName":null,"mobilePhone":"","mtime":"2015-05-20T23:48:19Z","name":"四宮 靖隆","numberLocale":null,"office":null,"phone":"","photo":{"size_24":"https://joyzo-sample1.cybozu.com/api/user/photo.do/-/user.png?id=1&hash=f5597fba53991127817aaa38bb04891dd7c4d3cc&size=SIZE_24&.png","size_56":"https://joyzo-sample1.cybozu.com/api/user/photo.do/-/user.png?id=1&hash=f5597fba53991127817aaa38bb04891dd7c4d3cc&size=SIZE_56&.png","normal":"https://joyzo-sample1.cybozu.com/api/user/photo.do/-/user.png?id=1&hash=f5597fba53991127817aaa38bb04891dd7c4d3cc&size=NORMAL&.png","original":"https://joyzo-sample1.cybozu.com/api/user/photo.do/-/user.png?id=1&hash=f5597fba53991127817aaa38bb04891dd7c4d3cc&size=ORIGINAL&.png","size_40":"https://joyzo-sample1.cybozu.com/api/user/photo.do/-/user.png?id=1&hash=f5597fba53991127817aaa38bb04891dd7c4d3cc&size=SIZE_40&.png","size_32":"https://joyzo-sample1.cybozu.com/api/user/photo.do/-/user.png?id=1&hash=f5597fba53991127817aaa38bb04891dd7c4d3cc&size=SIZE_32&.png","small":"https://joyzo-sample1.cybozu.com/api/user/photo.do/-/user.png?id=1&hash=f5597fba53991127817aaa38bb04891dd7c4d3cc&size=SMALL&.png","size_48":"https://joyzo-sample1.cybozu.com/api/user/photo.do/-/user.png?id=1&hash=f5597fba53991127817aaa38bb04891dd7c4d3cc&size=SIZE_48&.png"},"photoMd5":null,"photoMime":null,"primaryOrganization":null,"removed":false,"serviceFlags":null,"sortOrder":null,"surName":"四宮","surNameReading":"","timezone":"Asia/Tokyo","url":"","valid":true}],"defaultSelect":[{"entityType":"LOGINUSER","id":"1","name":null}],"entities":[],"noLabel":"false","required":"false","select":[]},"type":"USER_SELECT","var":"ユーザー選択"},"5272830":{"id":"5272830","label":"活動タイトル１","properties":{"defaultValue":"","expression":"","hideExpression":"false","max":null,"min":null,"noLabel":"false","required":"false","unique":"false"},"type":"SINGLE_LINE_TEXT","var":"title1"},"5272831":{"id":"5272831","label":"活動内容１","properties":{"defaultValue":"","noLabel":"false","required":"false"},"type":"MULTIPLE_LINE_TEXT","var":"body1"},"5272832":{"id":"5272832","label":"活動タイトル2","properties":{"defaultValue":"","expression":"","hideExpression":"false","max":null,"min":null,"noLabel":"false","required":"false","unique":"false"},"type":"SINGLE_LINE_TEXT","var":"title2"},"5272833":{"id":"5272833","label":"活動内容２","properties":{"defaultValue":"","noLabel":"false","required":"false"},"type":"MULTIPLE_LINE_TEXT","var":"body2"}},"id":"1","label":"__ROOT__","var":"__ROOT__"}},"status":{"actions":[],"filters":[],"initialStateId":null,"states":[],"useStatus":"false"},"uuid":"b5569678-5183-4933-89d6-c24de2e6a1ed","views":[{"advancedMode":"false","builtinType":null,"fields":[{"row":[{"id":"5272828"},{"id":"5272829"},{"id":"5272830"},{"id":"5272831"},{"id":"5272832"},{"id":"5272833"}]}],"filter":{"category":null,"offset":null,"order":["DESC"],"q":null,"size":null,"sort":["f5272820"]},"html":null,"keyFieldId":null,"name":"一覧1","pager":null,"revision":null,"titleFieldId":null,"view":"5272835","viewType":"LIST"},{"advancedMode":null,"builtinType":"ALL","fields":[{"row":[{"id":"5272820"},{"id":"5272828"},{"id":"5272829"},{"id":"5272830"},{"id":"5272831"},{"id":"5272832"},{"id":"5272833"}]}],"filter":{"category":null,"offset":null,"order":[],"q":null,"size":null,"sort":[]},"html":null,"keyFieldId":null,"name":"（すべて）","pager":null,"revision":null,"titleFieldId":null,"view":"20","viewType":"LIST"}]}],"description":"","iconKey":"APP46","iconMeta":null,"iconSrcAppId":"b5569678-5183-4933-89d6-c24de2e6a1ed","iconType":"PRESET","imagesMeta":[],"lookups":[],"name":"日報_デブサミ用","references":[],"version":"16"}